name,primary_main_genre,artist_count,macro_genre
hip hop,alternative hip hop,94,HIP HOP
pop rap,dance pop,72,HIP HOP
dance pop,dance pop,280,POP
mellow gold,album rock,145,OTHER
album rock,album rock,305,ROCK
r&b,dance pop,80,R&B
rap,atl hip hop,52,HIP HOP
indie rock,alternative rock,69,ROCK
classic rock,album rock,172,ROCK
alternative metal,alternative metal,275,ROCK
hard rock,album rock,164,ROCK
southern hip hop,atl hip hop,65,HIP HOP
folk rock,album rock,89,OTHER
contemporary country,contemporary country,206,COUNTRY
indie pop,alternative dance,45,POP
gangster rap,alternative hip hop,35,HIP HOP
dance rock,dance rock,81,ROCK
folk,alternative country,47,OTHER
folk-pop,folk-pop,46,COUNTRY
funk,funk,78,R&B
hardcore hip hop,alternative hip hop,66,OTHER
country,contemporary country,167,COUNTRY
quiet storm,classic soul,67,R&B
hip pop,dance pop,65,POP
new jack swing,new jack swing,37,R&B
new romantic,dance rock,68,OTHER
pop,dance pop,189,POP
blues-rock,album rock,76,ROCK
rock,album rock,234,ROCK
nu metal,alternative metal,197,ROCK
new wave,dance rock,64,ROCK
motown,classic soul,78,R&B
indie folk,alternative country,34,OTHER
neo soul,dance pop,42,R&B
classic soul,classic soul,144,R&B
art rock,album rock,97,ROCK
disco,disco,94,ELECTRONIC
dirty south rap,dirty south rap,48,HIP HOP
alternative rock,alternative rock,135,ROCK
roots rock,alternative country,75,OTHER
christian music,anthem worship,59,OTHER
bubblegum pop,bubblegum pop,89,POP
christian alternative rock,anthem worship,48,OTHER
ccm,anthem worship,69,OTHER
neo mellow,acoustic pop,65,R&B
country rock,album rock,47,COUNTRY
chamber pop,chamber pop,35,OTHER
glam metal,album rock,59,ROCK
country road,contemporary country,146,COUNTRY
east coast hip hop,east coast hip hop,53,HIP HOP
nashville sound,country,35,OTHER
indietronica,alternative dance,66,OTHER
emo,emo,42,ROCK
brill building pop,brill building pop,110,OTHER
singer-songwriter,album rock,54,OTHER
alternative hip hop,alternative hip hop,111,HIP HOP
garage rock,alternative rock,48,ROCK
new wave pop,dance rock,68,OTHER
modern rock,alternative rock,62,ROCK
soul,classic soul,77,R&B
adult standards,adult standards,207,OTHER
post-disco,disco,51,OTHER
post-grunge,alternative metal,173,ROCK
melodic metalcore,deathcore,24,OTHER
metalcore,deathcore,20,OTHER
outlaw country,alternative country,34,COUNTRY
country gospel,country gospel,48,OTHER
psychedelic rock,album rock,55,OTHER
pop rock,alternative rock,37,ROCK
alternative dance,alternative dance,93,ELECTRONIC
groove metal,alternative metal,83,OTHER
alternative country,alternative country,88,COUNTRY
rock-and-roll,adult standards,58,OTHER
metal,album rock,54,OTHER
permanent wave,alternative rock,31,ROCK
progressive rock,album rock,39,OTHER
anthem worship,anthem worship,73,OTHER
latin,latin,60,LATIN
freak folk,alternative rock,23,OTHER
dance-punk,alternative dance,54,OTHER
atl hip hop,atl hip hop,92,HIP HOP
acoustic pop,acoustic pop,79,POP
new americana,alternative country,45,OTHER
electropop,alternative dance,29,POP
merseybeat,brill building pop,33,OTHER
easy listening,adult standards,54,OTHER
lilith,alternative country,16,OTHER
classic uk pop,classic uk pop,69,OTHER
art pop,art pop,49,POP
post-teen pop,dance pop,106,POP
deep pop r&b,dance pop,25,POP
edm,big room,30,ELECTRONIC
cowboy western,country gospel,29,OTHER
world worship,anthem worship,41,OTHER
neon pop punk,emo,16,OTHER
industrial metal,alternative metal,51,OTHER
chillwave,alternative dance,24,OTHER
heartland rock,album rock,38,OTHER
lo-fi,alternative rock,35,OTHER
jangle pop,jangle pop,18,OTHER
electric blues,blues,36,OTHER
jazz funk,jazz funk,28,OTHER
blues,blues,43,OTHER
soft rock,album rock,136,ROCK
pop punk,emo,36,ROCK
classic garage rock,classic garage rock,36,OTHER
deathcore,deathcore,24,OTHER
conscious hip hop,conscious hip hop,35,HIP HOP
dream pop,alternative dance,17,OTHER
punk,alternative rock,15,ROCK
g funk,g funk,43,HIP HOP
europop,bubblegum dance,25,OTHER
british invasion,british invasion,20,OTHER
pop emo,emo,12,OTHER
crunk,crunk,23,HIP HOP
banda,banda,41,LATIN
lounge,adult standards,90,OTHER
norteno,banda,37,LATIN
scorecore,scorecore,15,OTHER
protopunk,album rock,12,OTHER
grupera,banda,34,OTHER
bebop,bebop,26,OTHER
cool jazz,bebop,24,OTHER
doo-wop,adult standards,24,OTHER
post-hardcore,emo,10,OTHER
alternative emo,alternative emo,42,ROCK
power pop,alternative country,17,OTHER
speed metal,alternative metal,15,OTHER
eurodance,eurodance,20,ELECTRONIC
contemporary post-bop,bebop,22,OTHER
indie poptimism,dance pop,17,POP
death metal,alternative metal,14,OTHER
latin pop,latin,30,LATIN
red dirt,outlaw country,12,COUNTRY
noise pop,alternative rock,31,OTHER
post-screamo,melodic metalcore,10,OTHER
british blues,album rock,18,OTHER
alternative pop,alternative pop,36,OTHER
anti-folk,anti-folk,13,OTHER
pub rock,alternative country,12,OTHER
rap metal,alternative metal,34,OTHER
freakbeat,classic garage rock,27,OTHER
bubblegum dance,bubblegum dance,29,OTHER
big room,big room,31,ELECTRONIC
industrial rock,alternative metal,30,OTHER
memphis soul,classic soul,18,OTHER
australian pop,australian pop,52,POP
canterbury scene,art rock,28,OTHER
electronic,alternative dance,24,OTHER
tropical house,dance pop,36,ELECTRONIC
grunge,alternative metal,24,ROCK
trap music,atl hip hop,58,HIP HOP
old school hip hop,electro,17,OTHER
electro,electro,30,OTHER
jam band,jam band,17,OTHER
dreamo,dreamo,36,OTHER
country dawn,contemporary country,54,COUNTRY
reggaeton,latin,25,LATIN
rhythm and blues,brill building pop,25,OTHER
country pop,contemporary country,40,COUNTRY
latin hip hop,latin,21,LATIN
comedy,comedy,33,OTHER
big beat,big beat,16,OTHER
chicago soul,chicago soul,28,OTHER
hollywood,hollywood,27,OTHER
hyphy,g funk,13,OTHER
progressive post-hardcore,dreamo,7,OTHER
rap rock,alternative metal,113,OTHER
boy band,boy band,47,POP
electro house,big room,27,ELECTRONIC
indiecoustica,acoustic pop,26,OTHER
piano rock,dreamo,7,OTHER
jazz fusion,art rock,16,OTHER
texas country,alternative country,30,COUNTRY
britpop,britpop,35,OTHER
reggae,dub,15,OTHER
hard bop,bebop,18,OTHER
jazz,bebop,24,OTHER
roots worship,anthem worship,11,OTHER
deep new americana,alternative country,12,OTHER
anthem emo,alternative emo,24,OTHER
pixie,candy pop,5,OTHER
philly soul,classic soul,24,R&B
hip house,hip house,15,OTHER
progressive metal,alternative metal,17,OTHER
glam rock,album rock,17,OTHER
post-punk,alternative rock,24,OTHER
bluegrass,bluegrass,12,OTHER
brostep,brostep,9,ELECTRONIC
deep southern trap,deep southern trap,16,OTHER
ska punk,melodic hardcore,6,ROCK
west coast rap,g funk,34,HIP HOP
christian pop,anthem worship,22,OTHER
mathcore,alternative metal,7,OTHER
melancholia,alternative rock,13,OTHER
experimental rock,alternative rock,15,OTHER
new rave,alternative dance,80,OTHER
christian rock,christian alternative rock,20,OTHER
old school thrash,alternative metal,9,OTHER
diva house,diva house,15,OTHER
modern blues,blues,27,OTHER
swing,adult standards,19,OTHER
christian metal,christian hardcore,9,OTHER
funk metal,alternative metal,26,OTHER
experimental,art rock,8,OTHER
power metal,album rock,10,OTHER
ectofolk,ectofolk,10,OTHER
traditional country,country,39,OTHER
metropopolis,alternative dance,10,OTHER
broadway,broadway,31,OTHER
modern country rock,contemporary country,97,COUNTRY
modern blues rock,blues-rock,9,OTHER
gospel,gospel,64,OTHER
reggaeton flow,latin,19,LATIN
modern alternative rock,modern alternative rock,11,ROCK
melodic hardcore,alternative emo,14,OTHER
deep disco,deep disco,31,OTHER
latin arena pop,latin,14,OTHER
neo classical metal,album rock,8,OTHER
stoner metal,alternative metal,12,OTHER
garage psych,alternative rock,6,OTHER
underground hip hop,alternative hip hop,19,HIP HOP
indie pop rap,indie pop rap,14,OTHER
la indie,indie pop,6,OTHER
deep ccm,anthem worship,12,OTHER
big band,adult standards,10,OTHER
christian hardcore,christian hardcore,15,OTHER
djent,djent,8,OTHER
slow core,alternative rock,18,OTHER
baroque pop,baroque pop,12,OTHER
shimmer pop,alternative dance,17,OTHER
sludge metal,alternative metal,11,OTHER
alternative r&b,alternative r&b,37,R&B
soundtrack,british soundtrack,12,OTHER
ska,dance rock,5,OTHER
girl group,girl group,12,OTHER
classic canadian rock,classic canadian rock,20,OTHER
boom bap,alternative hip hop,16,OTHER
chicago rap,chicago rap,21,HIP HOP
crossover thrash,crossover thrash,13,OTHER
noise rock,alternative rock,18,OTHER
duranguense,banda,13,OTHER
house,big room,8,ELECTRONIC
minneapolis sound,disco,8,OTHER
christian hip hop,christian hip hop,18,OTHER
industrial,alternative metal,4,OTHER
melodic death metal,alternative metal,11,OTHER
dub,dub,15,OTHER
american folk revival,american folk revival,20,OTHER
gbvfi,alternative pop,11,OTHER
hard alternative,alternative metal,12,OTHER
indie punk,alternative rock,5,OTHER
british soul,british soul,26,R&B
classic soundtrack,classic soundtrack,35,OTHER
cali rap,cali rap,20,HIP HOP
contemporary gospel,contemporary gospel,18,OTHER
disco house,disco house,9,OTHER
neo-synthpop,alternative dance,14,OTHER
detroit hip hop,detroit hip hop,13,HIP HOP
downtempo,downtempo,9,OTHER
soul blues,blues,8,OTHER
classic girl group,brill building pop,14,OTHER
epicore,epicore,7,OTHER
canadian singer-songwriter,canadian singer-songwriter,3,OTHER
chicano rap,chicano rap,26,HIP HOP
screamo,metalcore,18,ROCK
uk pop,dance pop,48,OTHER
brooklyn indie,brooklyn indie,6,OTHER
nu gaze,alternative dance,13,OTHER
hardcore punk,crossover thrash,5,OTHER
neo-psychedelic,alternative rock,6,OTHER
contemporary jazz,contemporary jazz,8,OTHER
dancehall,dancehall,19,OTHER
cumbia,banda,11,LATIN
ranchera,banda,10,OTHER
rockabilly,adult standards,40,OTHER
latin jazz,boogaloo,9,OTHER
brutal death metal,brutal death metal,6,OTHER
british soundtrack,british soundtrack,14,OTHER
christian punk,christian alternative rock,7,OTHER
lovers rock,dancehall,7,OTHER
deep soft rock,deep soft rock,21,OTHER
memphis hip hop,crunk,8,HIP HOP
post-metal,alternative metal,7,OTHER
progressive electro house,big room,17,OTHER
miami hip hop,miami hip hop,5,HIP HOP
nu jazz,acid jazz,5,OTHER
exotica,adult standards,3,OTHER
neo-progressive,album rock,5,OTHER
roots americana,alternative country,6,OTHER
easycore,alternative emo,7,OTHER
neo r&b,neo r&b,6,OTHER
canadian rock,alternative metal,9,OTHER
chamber psych,alternative rock,4,OTHER
jazz saxophone,bebop,8,OTHER
british folk,british folk,11,OTHER
northern soul,northern soul,15,OTHER
country rap,country rap,14,HIP HOP
hi-nrg,disco,6,OTHER
smooth jazz,jazz funk,15,OTHER
salsa,boogaloo,7,LATIN
candy pop,candy pop,34,POP
punk blues,garage rock,10,OTHER
funk rock,alternative metal,9,OTHER
houston rap,dirty south rap,7,OTHER
jazz blues,jazz blues,6,OTHER
progressive bluegrass,bluegrass,11,OTHER
doom metal,alternative metal,5,OTHER
no wave,alternative rock,6,OTHER
christian relaxative,christian music,4,OTHER
cosmic american,cosmic american,7,OTHER
avant-garde jazz,avant-garde jazz,11,OTHER
regional mexican,banda,41,OTHER
madchester,britpop,7,OTHER
jazz electric bass,jazz electric bass,4,OTHER
new orleans rap,deep southern trap,4,OTHER
progressive house,big room,17,ELECTRONIC
deep big room,big room,10,OTHER
canadian indie,canadian indie,11,OTHER
canadian pop,canadian pop,18,POP
acoustic blues,acoustic blues,9,OTHER
experimental pop,alternative dance,5,OTHER
indie surf,alternative dance,3,OTHER
indie r&b,alternative r&b,10,OTHER
indie garage rock,alternative rock,4,OTHER
comic,comic,31,OTHER
classical,classical,17,OTHER
appalachian folk,appalachian folk,7,OTHER
banjo,banjo,8,OTHER
old-time,appalachian folk,6,OTHER
australian rock,australian rock,14,OTHER
free jazz,avant-garde jazz,5,OTHER
battle rap,battle rap,15,HIP HOP
boogaloo,boogaloo,9,OTHER
canadian country,alberta country,7,OTHER
reggae fusion,reggae fusion,20,OTHER
post-doom metal,doom metal,3,OTHER
complextro,big room,3,ELECTRONIC
philly rap,philly rap,4,OTHER
escape room,alternative r&b,11,OTHER
talent show,dance pop,6,OTHER
rock en espanol,latin,8,OTHER
country blues,blues,4,OTHER
christian uplift,anthem worship,5,OTHER
ballroom,ballroom,6,OTHER
emo punk,alternative emo,3,OTHER
math rock,alternative rock,4,OTHER
synthpop,dance rock,43,ELECTRONIC
christian indie,anthem worship,5,OTHER
soul jazz,bebop,16,OTHER
chicago blues,blues,5,OTHER
mambo,boogaloo,8,OTHER
deathgrind,brutal death metal,6,OTHER
new jersey rap,new jersey rap,5,HIP HOP
gothic rock,dance rock,5,OTHER
old school dancehall,dancehall,11,OTHER
deep east coast hip hop,deep east coast hip hop,8,OTHER
pop edm,big room,7,OTHER
freestyle,freestyle,44,ELECTRONIC
skate punk,emo,8,OTHER
alternative pop rock,alternative pop rock,10,OTHER
celtic,celtic,14,OTHER
mexican pop,latin,7,LATIN
abstract hip hop,abstract hip hop,13,OTHER
afrobeat,afrobeat,9,OTHER
harmonica blues,acoustic blues,6,OTHER
alberta country,alberta country,7,OTHER
instrumental rock,album rock,7,OTHER
hardcore,alternative metal,4,OTHER
garage pop,alternative rock,3,OTHER
psychedelic folk,psychedelic folk,4,OTHER
symphonic rock,album rock,53,OTHER
bachata,bachata,7,LATIN
psychedelic blues-rock,psychedelic blues-rock,6,OTHER
cuban rumba,boogaloo,5,OTHER
boston rock,boston rock,5,OTHER
opera,classical soprano,5,OTHER
drill,chicago rap,4,OTHER
nu-metalcore,deathcore,2,OTHER
post-post-hardcore,metalcore,4,OTHER
classical performance,classical performance,13,OTHER
modern ska punk,modern ska punk,4,OTHER
rock steady,dub,6,OTHER
german metal,german metal,3,OTHER
k-pop,k-pop,10,OTHER
southern soul,classic soul,61,OTHER
breakbeat,big beat,5,OTHER
progressive trance,big room,3,OTHER
electroclash,alternative dance,7,OTHER
black metal,black metal,5,OTHER
gothic metal,alternative metal,4,OTHER
electro-industrial,dark wave,4,OTHER
arkansas country,arkansas country,13,OTHER
british singer-songwriter,british singer-songwriter,4,OTHER
louisiana blues,louisiana blues,3,OTHER
afropop,afropop,6,OTHER
canadian metal,album rock,6,OTHER
stomp and holler,alternative country,29,OTHER
intelligent dance music,alternative dance,3,OTHER
filter house,alternative dance,5,OTHER
canadian ccm,anthem worship,3,OTHER
baltimore indie,art pop,4,OTHER
atl trap,atl hip hop,5,OTHER
jazz piano,bebop,4,OTHER
bossa nova,bossa nova,12,OTHER
bass trap,bass trap,7,OTHER
jazz organ,jazz organ,4,OTHER
bolero,bolero,9,OTHER
indie anthem-folk,acoustic pop,3,OTHER
german techno,bubblegum dance,6,OTHER
classical soprano,classical soprano,6,OTHER
redneck,contemporary country,21,OTHER
swedish death metal,alternative metal,4,OTHER
deep freestyle,deep freestyle,7,OTHER
dirty texas rap,dirty south rap,8,OTHER
tribal house,disco house,2,OTHER
drone metal,doom metal,4,OTHER
miami bass,miami bass,12,OTHER
sertanejo pop,funk carioca,2,OTHER
psychobilly,horror punk,3,OTHER
melodic thrash,alternative metal,2,OTHER
modern southern rock,modern southern rock,11,OTHER
sertanejo,sertanejo,3,OTHER
hardcore techno,big beat,3,OTHER
canadian contemporary country,alberta country,5,OTHER
latin metal,alternative metal,6,OTHER
celtic rock,celtic,7,OTHER
ebm,dark wave,4,OTHER
gothic symphonic metal,gothic metal,3,OTHER
acid house,acid house,7,OTHER
chicago house,chicago house,8,OTHER
acid jazz,acid jazz,12,OTHER
indie jazz,acid jazz,3,OTHER
deep adult standards,deep adult standards,11,OTHER
alabama metal,alabama metal,6,OTHER
nintendocore,metalcore,2,OTHER
progressive metalcore,deathcore,3,OTHER
german hard rock,album rock,3,OTHER
chaotic hardcore,alternative emo,3,OTHER
jazz rap,alternative hip hop,10,OTHER
gymcore,alternative metal,4,OTHER
jazz metal,alternative metal,4,OTHER
post-rock,alternative rock,5,OTHER
bay area indie,bay area indie,10,OTHER
chicago indie,alternative rock,3,OTHER
antiviral pop,antiviral pop,6,OTHER
etherpop,art pop,2,OTHER
space rock,art rock,5,OTHER
austindie,austindie,3,OTHER
australian alternative rock,australian alternative rock,6,OTHER
jazz trumpet,jazz trumpet,6,OTHER
jazz drums,jazz drums,4,OTHER
baile pop,baile pop,8,OTHER
deep regional mexican,banda,5,OTHER
ninja,big beat,2,OTHER
indie electro-pop,dance pop,2,OTHER
canadian hip hop,canadian hip hop,7,HIP HOP
classical tenor,classical tenor,4,OTHER
portland indie,chamber pop,2,OTHER
chicago punk,chicago punk,5,OTHER
clean comedy,clean comedy,6,OTHER
dark trap,dark trap,6,OTHER
emo rap,emo rap,6,HIP HOP
modern hard rock,modern hard rock,9,OTHER
deep southern soul,deep southern soul,10,OTHER
movie tunes,movie tunes,6,OTHER
psychedelic doom,doom metal,3,OTHER
modern reggae,dancehall,4,OTHER
flamenco,flamenco,6,OTHER
neo-trad metal,hard rock,2,OTHER
oi,oi,2,OTHER
healing,healing,7,OTHER
nyc rap,nyc rap,13,HIP HOP
australian dance,australian dance,10,ELECTRONIC
dutch house,big room,4,OTHER
swedish electropop,alternative dance,3,OTHER
shoegaze,alternative rock,5,OTHER
orgcore,alternative emo,1,OTHER
australian metalcore,australian metalcore,3,OTHER
boston metal,boston metal,4,OTHER
folk punk,folk punk,4,OTHER
electropowerpop,electropowerpop,5,OTHER
melodic deathcore,deathcore,4,OTHER
p funk,funk,6,OTHER
idol,idol,21,OTHER
canadian contemporary r&b,canadian contemporary r&b,4,R&B
piedmont blues,acoustic blues,2,OTHER
mande pop,afropop,3,OTHER
preverb,alternative dance,4,OTHER
boston hardcore,alternative emo,2,OTHER
trip hop,alternative dance,15,OTHER
louisiana metal,alternative metal,2,OTHER
gothenburg metal,alternative metal,2,OTHER
compositional ambient,compositional ambient,5,OTHER
mpb,bossa nova,5,OTHER
catstep,brostep,2,OTHER
beach music,beach music,14,OTHER
jazz guitar,bebop,4,OTHER
stride,bebop,2,OTHER
black thrash,black thrash,2,OTHER
texas blues,blues,9,OTHER
jump blues,blues,3,OTHER
bow pop,bow pop,16,OTHER
brit funk,brit funk,7,OTHER
disney,disney,4,OTHER
native american,native american,2,OTHER
deep christian rock,christian alternative rock,3,OTHER
southern rock,album rock,22,OTHER
instrumental funk,instrumental funk,5,OTHER
cowpunk,cowpunk,6,OTHER
deep groove house,deep groove house,3,OTHER
deep underground hip hop,deep underground hip hop,6,OTHER
popping,disco,2,OTHER
midwest emo,alternative emo,5,OTHER
electro swing,electro swing,4,OTHER
funk carioca,baile pop,4,OTHER
nwothm,hard rock,2,OTHER
hopebeat,hopebeat,4,OTHER
latin rock,latin,2,OTHER
new age,new age,8,OTHER
trance,big room,3,ELECTRONIC
alabama rap,alabama rap,5,OTHER
birmingham metal,album rock,3,OTHER
nwobhm,hard rock,3,OTHER
grave wave,alternative dance,2,OTHER
irish rock,irish rock,5,OTHER
philly indie,alternative emo,5,OTHER
nc hip hop,alternative hip hop,5,OTHER
florida death metal,alternative metal,2,OTHER
canadian punk,canadian hardcore,3,OTHER
dark wave,dark wave,5,OTHER
scottish new wave,art rock,3,OTHER
jamgrass,bluegrass,2,OTHER
irish singer-songwriter,chamber pop,2,OTHER
merengue,latin,2,OTHER
bounce,bounce,5,OTHER
chicago drill,chicago drill,4,HIP HOP
horrorcore,horrorcore,5,OTHER
nashville singer-songwriter,alternative country,2,OTHER
canadian folk,canadian folk,6,OTHER
swedish pop,dance pop,5,OTHER
colombian pop,colombian pop,5,LATIN
a cappella,a cappella,15,OTHER
minnesota hip hop,abstract hip hop,5,OTHER
jazz vibraphone,jazz vibraphone,2,OTHER
vocal harmony group,adult standards,8,OTHER
nederpop,classic uk pop,3,OTHER
deep melodic metalcore,alabama metal,1,OTHER
metal guitar,album rock,2,OTHER
turntablism,alternative hip hop,30,OTHER
nyhc,alternative metal,2,OTHER
electronic rock,electronic rock,6,OTHER
fourth world,alternative rock,2,OTHER
ambient,ambient,4,OTHER
j-pop,anime,2,OTHER
new jersey indie,art pop,3,OTHER
free improvisation,avant-garde jazz,3,OTHER
axe,axe,4,OTHER
forro,axe,3,OTHER
brazilian hip hop,brazilian hip hop,7,OTHER
ragtime,big band,2,OTHER
new orleans blues,adult standards,2,OTHER
piano blues,adult standards,2,OTHER
boston hip hop,boston hip hop,4,OTHER
brazilian edm,brazilian edm,12,OTHER
canadian soundtrack,canadian soundtrack,4,OTHER
canadian hardcore,canadian hardcore,3,OTHER
toronto rap,canadian hip hop,3,OTHER
instrumental post-rock,canadian post-rock,1,OTHER
uk worship,anthem worship,2,OTHER
channel pop,channel pop,4,OTHER
chanson,chanson,10,OTHER
chillhop,chillhop,4,OTHER
filmi,chutney,1,OTHER
classic praise,classic praise,3,OTHER
classic schlager,classic schlager,5,OTHER
italian soundtrack,classic soundtrack,4,OTHER
comedienne,comedienne,5,OTHER
la pop,la pop,3,OTHER
dutch prog,album rock,2,OTHER
finnish death metal,finnish death metal,2,OTHER
finnish metal,finnish death metal,2,OTHER
folk metal,finnish death metal,2,OTHER
flamenco guitar,flamenco,3,OTHER
german soundtrack,german soundtrack,5,OTHER
grunge pop,grunge pop,6,OTHER
kirtan,healing,3,OTHER
horror punk,horror punk,6,OTHER
j-pop girl group,j-pop girl group,2,OTHER
k-indie,k-indie,3,OTHER
latin alternative,latin alternative,3,OTHER
trap latino,latin,3,OTHER
modern salsa,latin,3,OTHER
pagode,axe,3,OTHER
world,afrobeat,3,OTHER
drum and bass,drum and bass,2,ELECTRONIC
dubstep,bass trap,2,ELECTRONIC
moombahton,big room,3,ELECTRONIC
canadian electronic,big room,1,OTHER
deep house,deep house,2,ELECTRONIC
alabama indie,alabama indie,2,OTHER
german rock,album rock,2,OTHER
atlanta indie,alternative dance,1,OTHER
denton tx indie,denton tx indie,1,OTHER
experimental hip hop,alternative hip hop,3,OTHER
christian hard rock,christian alternative rock,2,OTHER
progressive sludge,alternative metal,2,OTHER
oxford indie,alternative rock,2,OTHER
ambient folk,ambient folk,4,OTHER
krautrock,art rock,3,OTHER
pagan black metal,black metal,2,OTHER
symphonic black metal,black metal,2,OTHER
boston punk,boston punk,3,OTHER
celtic punk,alternative roots rock,1,OTHER
dixieland,brass band,1,OTHER
mod revival,dance rock,2,OTHER
c86,c86,6,OTHER
canadian post-hardcore,canadian post-hardcore,3,OTHER
gothic alternative,gothic alternative,2,OTHER
classic swedish pop,classic swedish pop,8,OTHER
deep new wave,deep new wave,10,OTHER
progressive jazz fusion,progressive jazz fusion,3,OTHER
roots reggae,dub,13,OTHER
new jersey punk,alternative metal,1,OTHER
swedish alternative rock,indie pop,2,OTHER
spanish pop,latin,4,LATIN
gospel r&b,gospel,17,OTHER
dmv rap,alternative r&b,1,OTHER
dfw rap,dfw rap,3,HIP HOP
delta blues,acoustic blues,2,OTHER
memphis blues,adult standards,1,OTHER
mariachi,grupera,2,OTHER
cantautor,cantautor,3,OTHER
rap latina,latin,2,OTHER
acoustic punk,acoustic punk,3,OTHER
adoracao,adoracao,3,OTHER
brazilian gospel,adoracao,2,OTHER
operatic pop,operatic pop,16,OTHER
afro dancehall,afro dancehall,2,OTHER
alternative americana,alternative americana,4,OTHER
shiver pop,alternative r&b,2,OTHER
new weird america,alternative dance,2,OTHER
folktronica,alternative dance,2,OTHER
microhouse,alternative dance,1,OTHER
nyc pop,nyc pop,4,OTHER
ethereal wave,bow pop,2,OTHER
duluth indie,alternative rock,1,OTHER
drone,ambient,2,OTHER
american modern classical,american modern classical,5,OTHER
american shoegaze,american shoegaze,2,OTHER
dreamgaze,american shoegaze,2,OTHER
anime,anime,2,OTHER
outsider,outsider,3,OTHER
athens indie,athens indie,1,OTHER
australian electropop,alternative dance,2,OTHER
australian indie,australian indie,4,OTHER
jazz double bass,avant-garde jazz,2,OTHER
avant-garde,avant-garde,3,OTHER
brazilian rock,brazilian rock,2,OTHER
bass house,bass house,3,OTHER
electronic trap,bass trap,6,OTHER
basshall,basshall,3,OTHER
dutch hip hop,basshall,2,OTHER
bboy,bboy,3,OTHER
new orleans jazz,bebop,2,OTHER
jazztronica,big beat,1,OTHER
boogie-woogie,blues,1,OTHER
jazz cubano,boogaloo,1,OTHER
focus,compositional ambient,2,OTHER
nordic soundtrack,nordic soundtrack,2,OTHER
technical death metal,brutal death metal,4,OTHER
goregrind,brutal death metal,2,OTHER
brutal deathcore,brutal deathcore,2,OTHER
bubble trance,bubble trance,3,OTHER
classic danish pop,classic danish pop,3,OTHER
canadian celtic,canadian celtic,3,OTHER
canzone napoletana,canzone napoletana,1,OTHER
louvor,ccm,1,OTHER
idaho indie,chamber pop,1,OTHER
collage pop,chamber pop,1,OTHER
north carolina indie,chamber pop,1,OTHER
gothenburg indie,chamber pop,2,OTHER
swedish indie pop,chamber pop,2,OTHER
rock cristiano,christian alternative rock,1,OTHER
modern bollywood,chutney,1,OTHER
classic psychedelic rock,classic garage rock,2,OTHER
new orleans funk,afrobeat,2,OTHER
french soundtrack,french soundtrack,3,OTHER
horror synth,classic soundtrack,2,OTHER
comic metal,comic metal,3,OTHER
family gospel,country gospel,2,OTHER
military rap,country rap,2,OTHER
swamp pop,swamp pop,6,OTHER
power thrash,crossover thrash,1,OTHER
german dance,dance pop,2,OTHER
italian disco,italian disco,6,OTHER
deep tropical house,deep tropical house,2,OTHER
swedish tropical house,swedish tropical house,2,OTHER
epic doom,doom metal,1,OTHER
jamtronica,edm,1,OTHER
el paso indie,el paso indie,2,OTHER
new french touch,chillhop,1,OTHER
scottish indie,alternative rock,4,OTHER
future garage,future garage,1,OTHER
german pop,german pop,3,OTHER
melodic hard rock,glam metal,4,OTHER
meditation,healing,3,OTHER
sitar,hindustani classical,1,OTHER
nordic post-rock,instrumental post-rock,1,OTHER
jazz violin,jazz violin,4,OTHER
mexican rock,latin alternative,1,OTHER
swamp blues,acoustic blues,1,OTHER
monastic,monastic,2,OTHER
smooth soul,neo soul,3,OTHER
norwegian pop,dance pop,3,OTHER
bmore,bmore,2,OTHER
liquid funk,big beat,1,OTHER
uk contemporary r&b,tropical house,1,OTHER
retro soul,afrobeat,1,OTHER
stoner rock,alternative metal,14,OTHER
dutch rock,dutch rock,2,OTHER
danish metal,album rock,2,OTHER
albuquerque indie,albuquerque indie,2,OTHER
rhode island indie,alternative country,1,OTHER
swedish synthpop,alternative dance,3,OTHER
auckland indie,alternative dance,1,OTHER
brighton indie,alternative dance,2,OTHER
english indie rock,english indie rock,2,OTHER
chicago pop punk,alternative emo,2,OTHER
australian psych,alternative metal,1,OTHER
cyberpunk,cyberpunk,3,OTHER
american post-rock,alternative metal,1,OTHER
avantgarde metal,avantgarde metal,2,OTHER
canadian pop punk,alternative metal,1,OTHER
comedy rock,comedy rock,1,OTHER
swedish doom metal,alternative metal,1,OTHER
swedish metal,alternative metal,7,OTHER
scottish rock,alternative rock,3,OTHER
alternative roots rock,alternative roots rock,6,OTHER
cedm,anthem worship,1,OTHER
christelijk,anthem worship,1,OTHER
dark cabaret,anti-folk,2,OTHER
omaha indie,omaha indie,2,OTHER
british jazz,british jazz,2,OTHER
italian progressive rock,italian progressive rock,2,OTHER
atmospheric black metal,atmospheric black metal,2,OTHER
baroque ensemble,baroque ensemble,2,OTHER
uk alternative pop,baroque pop,1,OTHER
norwegian black metal,black metal,2,OTHER
norwegian metal,black metal,2,OTHER
salsa international,boogaloo,3,OTHER
grindcore,boston metal,1,OTHER
icelandic pop,alternative pop,1,OTHER
teen pop,australian pop,3,POP
buffalo ny metal,buffalo ny metal,3,OTHER
quebec indie,chamber pop,2,OTHER
eau claire indie,chamber pop,2,OTHER
seattle indie,chamber pop,2,OTHER
trap queen,hip pop,3,OTHER
uk funky,dance pop,2,OTHER
gauze pop,electropop,2,OTHER
danish alternative rock,danish alternative rock,1,OTHER
danish pop,danish pop,2,OTHER
instrumental math rock,djent,2,OTHER
indy indie,acoustic pop,2,OTHER
dutch indie,dutch indie,2,OTHER
dutch metal,dutch metal,2,OTHER
glitch,brostep,1,OTHER
sacramento indie,alternative metal,2,OTHER
jawaiian,jawaiian,3,OTHER
spanish pop rock,latin,4,OTHER
trancecore,metalcore,6,OTHER
soul flow,alternative hip hop,2,OTHER
nz pop,nz pop,1,OTHER
aussietronica,aussietronica,3,OTHER
canadian electropop,canadian electropop,1,OTHER
electro latino,dance pop,1,OTHER
pop reggaeton,dance pop,1,OTHER
lgbtq+ hip hop,alternative r&b,4,OTHER
pittsburgh rap,hip hop,2,OTHER
k-hop,k-hop,1,OTHER
lds youth,anthem worship,1,OTHER
south african jazz,afrobeat,1,OTHER
australian country,australian country,2,OTHER
urban contemporary,dance pop,79,R&B
classic italian pop,classic italian pop,3,OTHER
schlager,classic schlager,3,OTHER
scandipop,dance pop,2,OTHER
latin talent show,latin pop,2,OTHER
neo-rockabilly,neo-rockabilly,3,OTHER
worship,anthem worship,61,OTHER
traditional folk,alternative country,31,OTHER
tropical,latin,45,LATIN
vocal jazz,adult standards,51,OTHER
yacht rock,album rock,20,OTHER
sleaze rock,glam metal,28,OTHER
thrash metal,alternative metal,9,OTHER
viral pop,dance pop,18,POP
show tunes,broadway,19,OTHER
traditional blues,blues,15,OTHER
west coast trap,cali rap,14,OTHER
video game music,scorecore,8,OTHER
vapor trap,rap,4,OTHER
zolo,art rock,11,OTHER
christian trap,christian hip hop,11,OTHER
praise,contemporary gospel,7,OTHER
vocal house,disco house,8,OTHER
underground power pop,jangle pop,9,OTHER
sunshine pop,sunshine pop,15,OTHER
uk post-punk,alternative rock,8,OTHER
wrestling,alternative metal,13,OTHER
southern gospel,country gospel,12,OTHER
socal pop punk,pop punk,5,OTHER
smooth saxophone,smooth jazz,6,OTHER
regional mexican pop,banda,8,OTHER
shred,instrumental rock,3,OTHER
underground rap,abstract hip hop,7,OTHER
soca,dancehall,6,OTHER
ska revival,dance rock,4,OTHER
irish folk,celtic,7,OTHER
surf music,surf music,7,OTHER
vapor soul,alternative dance,3,OTHER
straight edge,crossover thrash,2,OTHER
orchestra,orchestra,5,OTHER
korean pop,k-pop,5,OTHER
southern soul blues,southern soul blues,4,OTHER
symphonic metal,gothic metal,3,OTHER
nu disco,alternative dance,6,OTHER
orchestral performance,orchestral performance,5,OTHER
deep contemporary country,country dawn,5,OTHER
k-pop girl group,dance pop,3,OTHER
viking metal,finnish death metal,2,OTHER
sertanejo universitario,funk carioca,3,OTHER
viral trap,atl hip hop,3,OTHER
samba,bossa nova,4,OTHER
space age pop,space age pop,5,OTHER
technical deathcore,deathcore,2,OTHER
slayer,alternative metal,4,OTHER
vintage italian soundtrack,classic soundtrack,5,OTHER
theme,classic soundtrack,5,OTHER
riddim,dancehall,5,OTHER
uk dance,dance pop,3,ELECTRONIC
post-disco soul,post-disco soul,3,OTHER
rumba,flamenco,5,OTHER
uplifting trance,big room,2,OTHER
texas pop punk,comic,1,OTHER
tejano,banda,3,OTHER
classify,classify,5,OTHER
twee pop,c86,3,OTHER
rare groove,rare groove,12,OTHER
naija worship,gospel,4,OTHER
k-pop boy group,k-pop,4,OTHER
new age piano,new age,4,OTHER
reggae rock,reggae rock,7,OTHER
uk metalcore,melodic metalcore,2,OTHER
stomp pop,charlotte nc indie,1,OTHER
trap soul,alternative r&b,2,OTHER
strut,dance pop,3,OTHER
college a cappella,a cappella,3,OTHER
wonky,alternative hip hop,2,OTHER
swedish americana,alternative americana,1,OTHER
vancouver indie,alternative dance,1,OTHER
early modern classical,classical,2,OTHER
j-rock,anime,2,OTHER
trap brasileiro,brazilian hip hop,2,OTHER
nova mpb,baile pop,1,OTHER
technical thrash,black thrash,1,OTHER
brazilian house,brazilian edm,3,OTHER
ontario indie,canadian indie,3,OTHER
swedish singer-songwriter,chamber pop,3,OTHER
french rock,chanson,3,OTHER
lo-fi beats,chillhop,3,OTHER
gospel rap,christian hip hop,3,OTHER
volksmusik,classic schlager,3,OTHER
late romantic era,classical,3,OTHER
world fusion,healing,1,OTHER
swedish hard rock,album rock,2,OTHER
riot grrrl,alternative pop,2,OTHER
sheffield indie,alternative rock,1,OTHER
thrash core,crossover thrash,3,OTHER
traditional swing,electro swing,1,OTHER
uk americana,album rock,1,OTHER
swedish indie rock,alternative rock,1,OTHER
australian talent show,australian pop,3,OTHER
funk das antigas,baile pop,2,OTHER
scottish singer-songwriter,folk-pop,2,OTHER
ye ye,chanson,3,OTHER
rock gospel brasileiro,adoracao,2,OTHER
azonto,afro dancehall,2,OTHER
minimal,ambient,1,OTHER
uk pop punk,anthem emo,2,OTHER
laboratorio,art pop,2,OTHER
spiritual jazz,avant-garde jazz,1,OTHER
light music,light music,4,OTHER
fidget house,bass house,1,OTHER
vapor twitch,bass trap,1,OTHER
tracestep,brostep,2,OTHER
dutch urban,basshall,2,OTHER
oakland indie,bay area indie,2,OTHER
vintage jazz,big band,2,OTHER
pop romantico,bolero,2,OTHER
cello,bow pop,1,OTHER
violin,bow pop,2,OTHER
funk ostentacao,brazilian hip hop,2,OTHER
post-romantic era,british modern classical,1,OTHER
zapstep,brostep,2,OTHER
sci-fi metal,brutal death metal,1,OTHER
dansktop,bubblegum dance,1,OTHER
new england americana,chamber pop,1,OTHER
stomp and flutter,chamber pop,1,OTHER
wisconsin indie,chamber pop,2,OTHER
sufi,chutney,1,OTHER
vintage french electronic,classic soundtrack,1,OTHER
classical era,classical,2,OTHER
early romantic era,classical,2,OTHER
classical piano,classical piano,3,OTHER
progressive deathcore,deathcore,1,OTHER
italo house,diva house,1,OTHER
uk reggae,dub,2,OTHER
dutch pop,dutch pop,4,OTHER
futurepop,ebm,1,OTHER
livetronica,edm,1,OTHER
witch house,experimental hip hop,1,OTHER
go-go,go-go,2,OTHER
shamanic,healing,2,OTHER
zydeco,louisiana blues,1,OTHER
nwocr,modern hard rock,2,OTHER
rosary,monastic,2,OTHER
melbourne bounce,bass house,1,OTHER
glitch hop,bass trap,1,OTHER
christian a cappella,a cappella,2,OTHER
uk doom metal,album rock,1,OTHER
western mass indie,acoustic pop,1,OTHER
toronto indie,alternative country,1,OTHER
olympia wa indie,alternative dance,1,OTHER
n,alternative metal,1,OTHER
vancouver metal,alternative metal,1,OTHER
virginia metal,alternative metal,2,OTHER
neue deutsche harte,alternative metal,1,OTHER
welsh metal,alternative metal,2,OTHER
washington indie,alternative rock,1,OTHER
steampunk,anti-folk,2,OTHER
transpop,art pop,2,OTHER
early music,baroque,1,OTHER
electra,big room,1,OTHER
welsh rock,dance rock,2,OTHER
italo dance,bubblegum dance,1,OTHER
mexican hip hop,chicano rap,2,OTHER
new beat,dark wave,1,OTHER
vegas indie,vegas indie,1,OTHER
trash rock,garage rock,2,OTHER
san diego rap,chicano rap,1,OTHER
detroit trap,detroit hip hop,2,OTHER
pop nacional,pop nacional,1,OTHER
italian pop,classic italian pop,2,OTHER
vintage swedish pop,classic swedish pop,2,OTHER
deep talent show,deep talent show,13,OTHER
