year,genre,artist_count,total_appearances
2023,pop,27,46
2023,dance pop,20,50
2023,rap,18,34
2023,pop rap,11,22
2023,post-teen pop,10,15
2023,trap music,8,11
2023,contemporary country,7,36
2023,hip hop,6,19
2023,southern hip hop,6,7
2023,country road,5,15
2023,uk pop,5,5
2023,r&b,5,6
2023,atl hip hop,3,12
2023,urban contemporary,3,3
2023,europop,2,2
2023,canadian pop,2,6
2023,adult standards,2,4
2023,hip pop,2,4
2023,reggaeton,2,6
2023,edm,1,1
2023,bubblegum dance,1,2
2023,eurodance,1,1
2023,dance rock,1,1
2023,disco,1,1
2023,motown,1,1
2023,new romantic,1,1
2023,new wave,1,1
2023,new wave pop,1,1
2023,soft rock,1,1
2023,atl trap,1,2
2023,underground hip hop,1,1
2023,vapor trap,1,1
2023,canadian hip hop,1,10
2023,toronto rap,1,5
2023,dfw rap,1,6
2023,philly rap,1,2
2023,american folk revival,1,1
2023,brill building pop,1,1
2023,easy listening,1,1
2023,lounge,1,1
2023,nashville sound,1,1
2023,rockabilly,1,1
2023,vocal jazz,1,1
2023,canadian contemporary r&b,1,2
2023,chicago drill,1,2
2023,chicago rap,1,1
2023,drill,1,1
2023,colombian pop,1,4
2023,latin,1,2
2023,latin pop,1,2
2023,mexican pop,1,2
2023,conscious hip hop,1,2
2023,nc hip hop,1,1
2023,country dawn,1,1
2023,deep talent show,1,8
2023,country,1,1
2023,electropop,1,2
2023,florida rap,1,2
2023,miami hip hop,1,1
2023,trap latino,1,2
2022,pop,22,40
2022,contemporary country,15,46
2022,rap,14,24
2022,country road,12,20
2022,dance pop,11,29
2022,post-teen pop,10,16
2022,pop rap,9,15
2022,country,8,10
2022,trap music,8,13
2022,modern country rock,7,9
2022,atl hip hop,5,18
2022,hip hop,5,13
2022,southern hip hop,5,9
2022,canadian pop,4,12
2022,uk pop,4,10
2022,piano rock,3,3
2022,reggaeton,3,19
2022,country pop,2,3
2022,modern rock,2,3
2022,rock,2,2
2022,atl trap,2,2
2022,gangster rap,2,2
2022,adult standards,2,4
2022,canadian contemporary r&b,2,6
2022,r&b,2,2
2022,afro dancehall,1,2
2022,afropop,1,1
2022,azonto,1,1
2022,nigerian hip hop,1,1
2022,nigerian pop,1,1
2022,modern uplift,1,1
2022,neo mellow,1,1
2022,pop rock,1,1
2022,gauze pop,1,2
2022,indietronica,1,1
2022,shiver pop,1,1
2022,canadian hip hop,1,6
2022,toronto rap,1,3
2022,dfw rap,1,4
2022,american folk revival,1,1
2022,brill building pop,1,1
2022,easy listening,1,1
2022,lounge,1,1
2022,nashville sound,1,1
2022,rockabilly,1,1
2022,vocal jazz,1,1
2022,alternative r&b,1,2
2022,viral pop,1,1
2022,art pop,1,2
2022,art rock,1,1
2022,baroque pop,1,1
2022,dance rock,1,1
2022,lilith,1,1
2022,new wave,1,1
2022,new wave pop,1,1
2022,permanent wave,1,1
2022,singer-songwriter,1,1
2022,british soul,1,4
2022,chicago drill,1,4
2022,chicago rap,1,2
2022,drill,1,2
2022,deep talent show,1,5
2022,outlaw country,1,1
2022,red dirt,1,1
2022,texas country,1,1
2022,country rap,1,4
2022,crunk,1,2
2022,dirty south rap,1,1
2022,memphis hip hop,1,1
2022,electropop,1,1
2022,hip pop,1,1
2022,urban contemporary,1,1
2022,escape room,1,2
2022,florida rap,1,2
2022,miami hip hop,1,1
2022,glam rock,1,2
2022,mellow gold,1,1
2022,latin viral pop,1,2
2022,rap latina,1,1
2022,trap latino,1,7
2021,pop,29,48
2021,rap,21,40
2021,contemporary country,16,35
2021,pop rap,13,23
2021,trap music,12,20
2021,dance pop,12,34
2021,country road,12,14
2021,country,11,12
2021,southern hip hop,9,13
2021,hip hop,9,22
2021,post-teen pop,9,18
2021,modern country rock,8,9
2021,atl hip hop,6,19
2021,country pop,4,5
2021,canadian pop,4,22
2021,canadian contemporary r&b,3,10
2021,uk pop,3,4
2021,canadian hip hop,2,14
2021,toronto rap,2,7
2021,modern rock,2,3
2021,atl trap,2,6
2021,gangster rap,2,3
2021,chicago rap,2,6
2021,r&b,2,2
2021,edm,1,1
2021,tropical house,1,1
2021,brostep,1,2
2021,progressive electro house,1,1
2021,miami hip hop,1,1
2021,afro dancehall,1,2
2021,afropop,1,1
2021,azonto,1,1
2021,nigerian hip hop,1,1
2021,nigerian pop,1,1
2021,boy band,1,2
2021,modern uplift,1,1
2021,gauze pop,1,2
2021,indietronica,1,1
2021,shiver pop,1,1
2021,k-pop,1,4
2021,k-pop boy group,1,2
2021,adult standards,1,2
2021,brill building pop,1,1
2021,easy listening,1,1
2021,lounge,1,1
2021,nashville sound,1,1
2021,rockabilly,1,1
2021,vocal jazz,1,1
2021,alternative r&b,1,2
2021,australian country,1,2
2021,chicago drill,1,8
2021,drill,1,4
2021,conscious hip hop,1,1
2021,colombian pop,1,2
2021,country dawn,1,1
2021,redneck,1,1
2021,country rap,1,4
2021,crunk,1,2
2021,dirty south rap,1,1
2021,memphis hip hop,1,1
2021,viral pop,1,1
2021,urban contemporary,1,1
2021,dutch pop,1,2
2021,electropop,1,4
2021,escape room,1,2
2021,reggaeton,1,4
2021,trap latino,1,2
2020,pop,35,56
2020,rap,23,49
2020,trap music,17,31
2020,pop rap,16,24
2020,dance pop,16,43
2020,contemporary country,15,40
2020,hip hop,12,20
2020,post-teen pop,12,19
2020,southern hip hop,10,16
2020,country road,10,15
2020,country,7,8
2020,atl hip hop,5,22
2020,canadian pop,4,17
2020,country pop,3,3
2020,modern country rock,3,4
2020,r&b,3,4
2020,uk pop,3,5
2020,atl trap,2,8
2020,gangster rap,2,3
2020,cali rap,2,6
2020,canadian hip hop,2,12
2020,toronto rap,2,6
2020,viral pop,2,2
2020,chicago rap,2,11
2020,electropop,2,5
2020,rap conscient,1,2
2020,vapor trap,1,1
2020,brostep,1,2
2020,progressive electro house,1,1
2020,miami hip hop,1,1
2020,boy band,1,2
2020,k-pop,1,2
2020,k-pop boy group,1,1
2020,detroit hip hop,1,2
2020,g funk,1,1
2020,dfw rap,1,2
2020,canadian contemporary r&b,1,4
2020,chicago drill,1,2
2020,drill,1,1
2020,deep talent show,1,2
2020,country dawn,1,1
2020,country rap,1,2
2020,etherpop,1,1
2020,indie poptimism,1,1
2020,europop,1,1
2020,hip pop,1,1
2020,pop rock,1,1
2020,urban contemporary,1,1
2020,east coast hip hop,1,2
2020,new orleans rap,1,1
2020,latin,1,2
2020,reggaeton,1,1
2019,pop,39,93
2019,rap,22,47
2019,dance pop,18,50
2019,trap music,16,25
2019,post-teen pop,15,25
2019,pop rap,14,23
2019,contemporary country,11,30
2019,southern hip hop,9,11
2019,country road,9,11
2019,atl hip hop,7,22
2019,country,7,7
2019,hip hop,6,11
2019,edm,4,5
2019,modern country rock,4,4
2019,reggaeton,4,8
2019,tropical house,3,3
2019,canadian pop,3,10
2019,electropop,3,9
2019,r&b,3,4
2019,modern rock,2,3
2019,boy band,2,6
2019,metropopolis,2,3
2019,country pop,2,2
2019,atl trap,2,5
2019,gangster rap,2,3
2019,dirty south rap,2,3
2019,latin,2,4
2019,uk pop,2,3
2019,chicago rap,2,6
2019,vapor trap,2,2
2019,trap latino,2,3
2019,hollywood,1,2
2019,bmore,1,2
2019,moombahton,1,1
2019,ninja,1,1
2019,brostep,1,4
2019,progressive electro house,1,2
2019,electronic trap,1,1
2019,baroque pop,1,4
2019,emo,1,2
2019,pop punk,1,2
2019,trap queen,1,1
2019,cali rap,1,2
2019,canadian hip hop,1,8
2019,toronto rap,1,4
2019,dfw rap,1,10
2019,emo rap,1,2
2019,philly rap,1,1
2019,latin hip hop,1,1
2019,tropical,1,1
2019,australian pop,1,2
2019,viral pop,1,2
2019,ccm,1,2
2019,christian music,1,1
2019,worship,1,1
2019,conscious hip hop,1,4
2019,nc hip hop,1,2
2019,deep talent show,1,1
2019,redneck,1,1
2019,country rap,1,4
2019,etherpop,1,2
2019,indie poptimism,1,2
2019,hip pop,1,1
2019,uk contemporary r&b,1,1
2019,florida rap,1,4
2019,miami hip hop,1,2
2019,underground hip hop,1,1
2019,reggae fusion,1,2
2018,pop,58,118
2018,rap,35,67
2018,pop rap,31,53
2018,dance pop,26,70
2018,hip hop,21,43
2018,trap music,21,27
2018,post-teen pop,20,30
2018,southern hip hop,15,19
2018,atl hip hop,11,32
2018,contemporary country,10,22
2018,uk pop,8,11
2018,country road,6,7
2018,r&b,6,7
2018,reggaeton,5,12
2018,tropical house,4,4
2018,country,4,5
2018,canadian pop,4,14
2018,conscious hip hop,4,13
2018,edm,3,4
2018,viral pop,3,3
2018,miami hip hop,3,5
2018,modern rock,3,10
2018,gangster rap,3,3
2018,emo rap,3,12
2018,latin,3,12
2018,indie poptimism,2,4
2018,electro house,2,2
2018,modern country rock,2,3
2018,atl trap,2,2
2018,dirty south rap,2,2
2018,canadian hip hop,2,18
2018,latin hip hop,2,3
2018,tropical,2,3
2018,canadian contemporary r&b,2,6
2018,chicago rap,2,4
2018,urban contemporary,2,2
2018,trap latino,2,3
2018,brostep,1,6
2018,progressive electro house,1,3
2018,house,1,1
2018,progressive house,1,1
2018,uk dance,1,1
2018,boy band,1,2
2018,indie pop,1,2
2018,metropopolis,1,2
2018,rock,1,4
2018,pop edm,1,1
2018,country pop,1,2
2018,cali rap,1,2
2018,toronto rap,1,8
2018,dmv rap,1,1
2018,underground hip hop,1,1
2018,west coast rap,1,4
2018,crunk,1,2
2018,memphis hip hop,1,1
2018,detroit hip hop,1,2
2018,dfw rap,1,8
2018,indie pop rap,1,2
2018,vapor trap,1,1
2018,complextro,1,2
2018,german techno,1,1
2018,electropop,1,3
2018,etherpop,1,3
2018,hip pop,1,4
2018,uk contemporary r&b,1,2
2018,francoton,1,2
2018,indie r&b,1,2
2018,indietronica,1,1
2018,uk alternative pop,1,1
2017,pop,69,131
2017,rap,35,64
2017,pop rap,31,55
2017,dance pop,30,78
2017,post-teen pop,28,43
2017,hip hop,22,49
2017,trap music,22,41
2017,uk pop,14,18
2017,southern hip hop,12,27
2017,atl hip hop,10,44
2017,tropical house,8,11
2017,contemporary country,8,15
2017,edm,7,13
2017,electropop,5,12
2017,country road,5,5
2017,canadian pop,4,17
2017,country,4,4
2017,electro house,3,5
2017,miami hip hop,3,5
2017,modern rock,3,7
2017,conscious hip hop,3,11
2017,latin,3,6
2017,uk dance,2,3
2017,rock,2,3
2017,gangster rap,2,2
2017,dirty south rap,2,6
2017,underground hip hop,2,3
2017,reggaeton,2,2
2017,tropical,2,2
2017,canadian contemporary r&b,2,10
2017,viral pop,2,4
2017,country pop,2,2
2017,country dawn,2,2
2017,modern country rock,2,2
2017,r&b,2,4
2017,house,1,2
2017,progressive house,1,2
2017,electronic trap,1,1
2017,uk funky,1,1
2017,indie pop,1,2
2017,permanent wave,1,2
2017,pop punk,1,2
2017,pop edm,1,1
2017,electro,1,4
2017,electronic,1,2
2017,filter house,1,2
2017,atl trap,1,1
2017,canadian hip hop,1,6
2017,toronto rap,1,3
2017,dmv rap,1,1
2017,west coast rap,1,4
2017,detroit hip hop,1,4
2017,dfw rap,1,4
2017,memphis hip hop,1,1
2017,viral trap,1,1
2017,emo rap,1,2
2017,latin hip hop,1,1
2017,philly rap,1,4
2017,alternative r&b,1,2
2017,lgbtq+ hip hop,1,1
2017,australian country,1,2
2017,australian pop,1,2
2017,neo mellow,1,1
2017,british soul,1,2
2017,chicago rap,1,2
2017,complextro,1,4
2017,german techno,1,2
2017,dancehall,1,1
2017,etherpop,1,2
2017,indie poptimism,1,2
2017,hip pop,1,3
2017,urban contemporary,1,3
2017,talent show,1,1
2017,florida rap,1,4
2017,francoton,1,2
2017,new orleans rap,1,1
2017,portland hip hop,1,1
2017,latin pop,1,1
2017,modern reggae,1,2
2016,pop,62,106
2016,dance pop,37,106
2016,pop rap,27,43
2016,rap,26,46
2016,post-teen pop,25,44
2016,hip hop,17,40
2016,trap music,17,25
2016,uk pop,17,27
2016,southern hip hop,13,20
2016,tropical house,11,17
2016,electropop,8,16
2016,edm,7,14
2016,r&b,7,10
2016,gangster rap,5,7
2016,viral trap,4,5
2016,hip pop,4,8
2016,atl hip hop,4,12
2016,canadian pop,4,29
2016,urban contemporary,4,7
2016,indie poptimism,4,6
2016,miami hip hop,3,4
2016,electro house,3,4
2016,contemporary country,3,6
2016,country,3,3
2016,country road,3,3
2016,viral pop,3,7
2016,australian dance,2,4
2016,house,2,3
2016,talent show,2,3
2016,danish pop,2,4
2016,scandipop,2,2
2016,modern rock,2,4
2016,rock,2,4
2016,modern country rock,2,2
2016,canadian hip hop,2,20
2016,toronto rap,2,10
2016,canadian contemporary r&b,2,12
2016,chicago rap,2,4
2016,metropopolis,2,2
2016,swedish electropop,2,2
2016,swedish pop,2,2
2016,neo mellow,2,4
2016,uk funky,1,2
2016,australian electropop,1,1
2016,australian indie,1,1
2016,downtempo,1,1
2016,moombahton,1,2
2016,progressive house,1,1
2016,uk dance,1,1
2016,electronic trap,1,3
2016,afro dancehall,1,2
2016,afropop,1,1
2016,azonto,1,1
2016,nigerian hip hop,1,1
2016,nigerian pop,1,1
2016,boy band,1,2
2016,girl group,1,2
2016,trap queen,1,1
2016,modern alternative rock,1,4
2016,stomp pop,1,2
2016,permanent wave,1,4
2016,pop punk,1,6
2016,pop edm,1,1
2016,country pop,1,1
2016,electro,1,2
2016,electronic,1,1
2016,filter house,1,1
2016,atl trap,1,1
2016,underground hip hop,1,1
2016,conscious hip hop,1,2
2016,dmv rap,1,1
2016,east coast hip hop,1,1
2016,hardcore hip hop,1,1
2016,dfw rap,1,2
2016,dirty south rap,1,2
2016,memphis hip hop,1,1
2016,indie pop rap,1,1
2016,pittsburgh rap,1,2
2016,new jersey rap,1,4
2016,pinoy hip hop,1,2
2016,australian pop,1,1
2016,british soul,1,6
2016,complextro,1,2
2016,german techno,1,1
2016,dancehall,1,1
2016,etherpop,1,1
2016,swedish synthpop,1,1
2016,new orleans rap,1,1
2016,uk contemporary r&b,1,1
2016,neo soul,1,1
2016,pop rock,1,2
2015,pop,66,115
2015,dance pop,39,120
2015,pop rap,28,47
2015,post-teen pop,23,44
2015,rap,22,43
2015,trap music,15,20
2015,hip hop,14,28
2015,southern hip hop,14,18
2015,uk pop,13,21
2015,edm,11,16
2015,tropical house,10,12
2015,r&b,9,14
2015,urban contemporary,7,9
2015,pop rock,5,7
2015,electro house,4,4
2015,talent show,4,5
2015,modern rock,4,5
2015,electropop,4,6
2015,gangster rap,4,6
2015,canadian pop,4,16
2015,neo mellow,4,6
2015,viral pop,4,6
2015,house,3,3
2015,contemporary country,3,8
2015,latin,3,4
2015,viral trap,3,4
2015,australian pop,3,6
2015,hip pop,3,11
2015,uk dance,2,2
2015,progressive house,2,2
2015,moombahton,2,2
2015,electro,2,2
2015,country,2,2
2015,country road,2,2
2015,indietronica,2,2
2015,hyphy,2,2
2015,west coast rap,2,2
2015,miami hip hop,2,2
2015,atl hip hop,2,4
2015,canadian contemporary r&b,2,10
2015,chicago rap,2,6
2015,metropopolis,2,3
2015,tropical,2,2
2015,deep groove house,1,2
2015,disco house,1,1
2015,scorecore,1,2
2015,soundtrack,1,1
2015,big room,1,2
2015,deep big room,1,1
2015,dutch house,1,1
2015,progressive electro house,1,1
2015,bmore,1,2
2015,ninja,1,1
2015,electronic trap,1,2
2015,boy band,1,4
2015,brostep,1,2
2015,complextro,1,1
2015,country dawn,1,1
2015,modern country rock,1,1
2015,girl group,1,1
2015,emo,1,4
2015,pop punk,1,2
2015,indie pop,1,2
2015,indie poptimism,1,1
2015,modern alternative rock,1,2
2015,stomp pop,1,1
2015,reggae fusion,1,2
2015,virgin islands reggae,1,1
2015,cali rap,1,2
2015,canadian hip hop,1,12
2015,toronto rap,1,6
2015,conscious hip hop,1,2
2015,crunk,1,4
2015,dirty south rap,1,2
2015,memphis hip hop,1,2
2015,detroit hip hop,1,4
2015,ghanaian hip hop,1,2
2015,philly rap,1,1
2015,pittsburgh rap,1,1
2015,houston rap,1,2
2015,new jersey rap,1,6
2015,pinoy hip hop,1,2
2015,album rock,1,2
2015,art rock,1,1
2015,classic rock,1,1
2015,folk rock,1,1
2015,mellow gold,1,1
2015,rock,1,1
2015,soft rock,1,1
2015,australian dance,1,4
2015,british soul,1,2
2015,country pop,1,2
2015,danish pop,1,1
2015,deep pop r&b,1,1
2015,swedish electropop,1,2
2015,swedish pop,1,2
2015,swedish synthpop,1,2
2015,west coast trap,1,1
2015,latin pop,1,1
2015,mexican pop,1,1
2015,east coast hip hop,1,2
2015,hardcore hip hop,1,1
2015,hip house,1,1
2015,new jack swing,1,1
2015,old school hip hop,1,1
2015,folk-pop,1,2
2015,irish singer-songwriter,1,1
2015,new orleans rap,1,2
2015,indie folk,1,2
2015,latin hip hop,1,1
2015,reggaeton,1,1
2015,neo soul,1,1
2015,neo-singer-songwriter,1,2
2014,pop,70,114
2014,dance pop,44,110
2014,pop rap,37,57
2014,post-teen pop,25,41
2014,rap,24,36
2014,trap music,19,26
2014,hip hop,18,34
2014,southern hip hop,17,23
2014,contemporary country,12,28
2014,tropical house,11,14
2014,uk pop,11,14
2014,country,11,13
2014,country road,10,12
2014,r&b,10,15
2014,edm,8,12
2014,atl hip hop,8,20
2014,neo mellow,7,11
2014,electropop,7,10
2014,urban contemporary,7,8
2014,metropopolis,6,9
2014,modern country rock,6,7
2014,gangster rap,6,8
2014,modern rock,5,8
2014,latin,5,6
2014,pop rock,5,6
2014,dirty south rap,5,8
2014,australian pop,4,7
2014,hip pop,4,8
2014,uk dance,3,3
2014,country dawn,3,3
2014,country pop,3,4
2014,latin pop,3,3
2014,crunk,3,6
2014,neo soul,3,3
2014,modern alternative rock,2,3
2014,big room,2,6
2014,progressive house,2,2
2014,electro house,2,3
2014,house,2,3
2014,boy band,2,6
2014,candy pop,2,6
2014,reggaeton,2,2
2014,tropical,2,2
2014,piano rock,2,3
2014,indie poptimism,2,4
2014,g funk,2,3
2014,underground hip hop,2,4
2014,alternative r&b,2,4
2014,chicago rap,2,3
2014,deep pop r&b,2,2
2014,mexican pop,2,2
2014,modern blues rock,1,1
2014,south african rock,1,1
2014,electronic trap,1,1
2014,uk contemporary r&b,1,1
2014,viral pop,1,1
2014,talent show,1,1
2014,emo,1,1
2014,pixie,1,1
2014,pop emo,1,1
2014,pop punk,1,1
2014,cubaton,1,2
2014,latin hip hop,1,1
2014,uk funky,1,1
2014,rock,1,2
2014,permanent wave,1,2
2014,reggae fusion,1,1
2014,atl trap,1,1
2014,australian hip hop,1,8
2014,cali rap,1,4
2014,canadian hip hop,1,6
2014,canadian pop,1,3
2014,toronto rap,1,3
2014,memphis hip hop,1,2
2014,miami hip hop,1,1
2014,detroit hip hop,1,2
2014,west coast rap,1,1
2014,pittsburgh rap,1,1
2014,nyc rap,1,2
2014,acoustic pop,1,2
2014,folk-pop,1,1
2014,lilith,1,1
2014,indie r&b,1,1
2014,trap soul,1,1
2014,art pop,1,4
2014,nz pop,1,2
2014,viral trap,1,2
2014,australian dance,1,2
2014,broadway,1,2
2014,hollywood,1,1
2014,show tunes,1,1
2014,colombian pop,1,2
2014,complextro,1,4
2014,german techno,1,2
2014,swedish electropop,1,1
2014,swedish pop,1,1
2014,swedish synthpop,1,1
2014,europop,1,1
2014,new orleans rap,1,2
2014,latin viral pop,1,2
2014,rap latina,1,1
2013,pop,55,91
2013,dance pop,43,108
2013,pop rap,26,43
2013,post-teen pop,24,37
2013,rap,17,28
2013,contemporary country,12,31
2013,country,12,16
2013,country road,12,16
2013,hip hop,12,22
2013,uk pop,11,12
2013,neo mellow,8,11
2013,southern hip hop,8,12
2013,trap music,8,12
2013,urban contemporary,8,13
2013,r&b,8,13
2013,metropopolis,7,7
2013,modern country rock,7,9
2013,modern rock,7,12
2013,edm,6,10
2013,electropop,6,6
2013,pop rock,6,7
2013,folk-pop,5,11
2013,gangster rap,5,6
2013,tropical house,5,5
2013,electro house,4,5
2013,atl hip hop,4,14
2013,dirty south rap,4,8
2013,hip pop,4,6
2013,candy pop,3,6
2013,talent show,3,3
2013,country dawn,3,3
2013,stomp and holler,3,3
2013,miami hip hop,3,4
2013,neo soul,3,3
2013,big room,2,4
2013,emo,2,3
2013,pop punk,2,2
2013,country pop,2,3
2013,indie folk,2,2
2013,rock,2,4
2013,canadian pop,2,8
2013,conscious hip hop,2,6
2013,europop,2,2
2013,bass trap,1,2
2013,brostep,1,1
2013,electronic trap,1,1
2013,vapor twitch,1,1
2013,chamber pop,1,2
2013,swedish electropop,1,1
2013,swedish synthpop,1,1
2013,house,1,2
2013,progressive house,1,2
2013,uk dance,1,2
2013,progressive electro house,1,1
2013,boy band,1,2
2013,pixie,1,1
2013,pop emo,1,1
2013,celtic rock,1,2
2013,viral pop,1,1
2013,piano rock,1,1
2013,indie pop,1,1
2013,uk americana,1,1
2013,la indie,1,2
2013,modern alternative rock,1,1
2013,stomp pop,1,1
2013,pop edm,1,2
2013,alternative dance,1,2
2013,comic,1,2
2013,electro,1,2
2013,electronic,1,1
2013,filter house,1,1
2013,atl trap,1,1
2013,deep southern trap,1,1
2013,canadian hip hop,1,8
2013,toronto rap,1,4
2013,west coast rap,1,2
2013,latin,1,1
2013,detroit hip hop,1,2
2013,g funk,1,1
2013,pittsburgh rap,1,1
2013,acoustic pop,1,2
2013,lilith,1,1
2013,alternative r&b,1,2
2013,trap soul,1,1
2013,art pop,1,2
2013,nz pop,1,1
2013,australian country,1,2
2013,australian pop,1,2
2013,complextro,1,2
2013,german techno,1,1
2013,nc hip hop,1,1
2013,redneck,1,1
2013,indie poptimism,1,1
2013,k-hop,1,1
2013,k-pop,1,1
2013,new orleans rap,1,1
2013,nashville indie,1,2
2012,pop,50,100
2012,dance pop,34,106
2012,pop rap,25,49
2012,post-teen pop,23,37
2012,rap,16,31
2012,contemporary country,11,28
2012,country,11,14
2012,country road,10,12
2012,pop rock,10,12
2012,hip hop,10,24
2012,trap music,9,15
2012,uk pop,8,12
2012,neo mellow,8,11
2012,southern hip hop,8,14
2012,electropop,8,10
2012,r&b,8,19
2012,modern country rock,6,6
2012,urban contemporary,6,14
2012,australian pop,6,11
2012,edm,4,13
2012,viral pop,4,4
2012,folk-pop,4,6
2012,atl hip hop,4,13
2012,talent show,3,3
2012,modern rock,3,4
2012,canadian pop,3,11
2012,boy band,2,4
2012,country dawn,2,3
2012,pop punk,2,3
2012,miami hip hop,2,6
2012,gangster rap,2,3
2012,acoustic pop,2,4
2012,australian dance,2,6
2012,europop,2,2
2012,electro house,1,3
2012,house,1,3
2012,progressive house,1,3
2012,uk dance,1,3
2012,alternative metal,1,2
2012,nu metal,1,1
2012,post-grunge,1,1
2012,rap metal,1,1
2012,heartland rock,1,1
2012,outlaw country,1,1
2012,texas country,1,1
2012,emo,1,2
2012,indie folk,1,1
2012,stomp and holler,1,1
2012,indie pop,1,2
2012,rock,1,1
2012,permanent wave,1,2
2012,canadian hip hop,1,6
2012,toronto rap,1,3
2012,latin,1,3
2012,detroit hip hop,1,6
2012,g funk,1,2
2012,west coast rap,1,1
2012,underground hip hop,1,1
2012,pittsburgh rap,1,4
2012,alternative r&b,1,2
2012,escape room,1,1
2012,neo soul,1,1
2012,bergen indie,1,2
2012,indietronica,1,1
2012,nz pop,1,1
2012,british soul,1,8
2012,indie poptimism,1,2
2012,chicago rap,1,4
2012,conscious hip hop,1,2
2012,nc hip hop,1,1
2012,metropopolis,1,1
2012,tropical house,1,1
2012,hip pop,1,4
2012,k-hop,1,1
2012,k-pop,1,1
2012,deep pop r&b,1,2
2012,new orleans rap,1,1
2012,modern alternative rock,1,2
2011,pop,56,98
2011,dance pop,48,141
2011,pop rap,43,69
2011,post-teen pop,23,41
2011,rap,23,40
2011,hip hop,20,40
2011,southern hip hop,15,16
2011,contemporary country,13,32
2011,country,13,16
2011,trap music,12,18
2011,country road,12,15
2011,urban contemporary,11,17
2011,r&b,11,20
2011,neo mellow,7,7
2011,pop rock,7,8
2011,modern country rock,7,8
2011,atl hip hop,7,18
2011,gangster rap,7,7
2011,edm,6,9
2011,uk pop,6,7
2011,viral pop,5,6
2011,country dawn,4,4
2011,pop punk,4,4
2011,hip pop,4,7
2011,miami hip hop,3,6
2011,dirty south rap,3,4
2011,chicago rap,3,8
2011,latin,3,7
2011,detroit hip hop,3,6
2011,electropop,2,5
2011,electro house,2,2
2011,progressive house,2,2
2011,tropical house,2,2
2011,house,2,2
2011,country pop,2,2
2011,emo,2,2
2011,neon pop punk,2,2
2011,piano rock,2,5
2011,indie pop,2,4
2011,modern rock,2,2
2011,canadian pop,2,7
2011,g funk,2,3
2011,east coast hip hop,2,4
2011,deep pop r&b,2,2
2011,australian pop,2,4
2011,big room,1,2
2011,deep big room,1,1
2011,dutch house,1,1
2011,progressive electro house,1,1
2011,uk dance,1,1
2011,celtic rock,1,2
2011,heartland rock,1,1
2011,outlaw country,1,1
2011,texas country,1,1
2011,indietronica,1,1
2011,rock,1,1
2011,canadian hip hop,1,10
2011,toronto rap,1,5
2011,conscious hip hop,1,1
2011,grime,1,1
2011,hardcore hip hop,1,1
2011,west coast rap,1,1
2011,pittsburgh rap,1,2
2011,nyc rap,1,2
2011,neo soul,1,1
2011,talent show,1,1
2011,british soul,1,4
2011,candy pop,1,1
2011,redneck,1,1
2011,europop,1,1
2011,latin pop,1,1
2011,mexican pop,1,1
2011,tropical,1,1
2011,deep dance pop,1,2
2011,folk rock,1,2
2011,mellow gold,1,1
2011,singer-songwriter,1,1
2011,soft rock,1,1
2011,new orleans rap,1,6
2011,romanian pop,1,2
2010,pop,52,101
2010,dance pop,49,156
2010,pop rap,42,80
2010,post-teen pop,25,47
2010,rap,21,40
2010,hip hop,18,40
2010,southern hip hop,14,21
2010,trap music,13,21
2010,pop rock,12,13
2010,neo mellow,11,14
2010,urban contemporary,11,23
2010,r&b,9,20
2010,contemporary country,7,16
2010,country,7,8
2010,dirty south rap,7,15
2010,gangster rap,7,8
2010,country road,6,7
2010,miami hip hop,5,6
2010,country dawn,5,6
2010,atl hip hop,5,28
2010,hip pop,5,13
2010,edm,4,6
2010,pop punk,4,5
2010,modern country rock,4,4
2010,electropop,3,7
2010,canadian pop,3,10
2010,australian pop,3,10
2010,post-grunge,2,2
2010,candy pop,2,4
2010,emo,2,3
2010,uk pop,2,2
2010,viral pop,2,2
2010,country pop,2,3
2010,modern rock,2,2
2010,crunk,2,2
2010,latin,2,3
2010,g funk,2,7
2010,acoustic pop,2,4
2010,idol,2,2
2010,alternative metal,1,2
2010,nu metal,1,1
2010,alternative rock,1,2
2010,pixie,1,1
2010,pop emo,1,1
2010,celtic rock,1,2
2010,electropowerpop,1,2
2010,piano rock,1,2
2010,neon pop punk,1,1
2010,garage rock,1,2
2010,indie rock,1,1
2010,rock,1,1
2010,indie pop,1,2
2010,canadian hip hop,1,10
2010,toronto rap,1,5
2010,hardcore hip hop,1,1
2010,detroit hip hop,1,6
2010,west coast rap,1,2
2010,folk-pop,1,1
2010,lilith,1,1
2010,indiecoustica,1,1
2010,adult standards,1,2
2010,lounge,1,1
2010,alternative dance,1,2
2010,indietronica,1,1
2010,neo-synthpop,1,1
2010,new rave,1,1
2010,talent show,1,1
2010,chicago rap,1,2
2010,redneck,1,1
2010,dancehall,1,1
2010,deep pop r&b,1,1
2010,latin pop,1,1
2010,mexican pop,1,1
2010,tropical,1,1
2010,new orleans rap,1,4
2010,neo soul,1,3
2009,pop,41,72
2009,dance pop,38,120
2009,pop rap,33,52
2009,post-teen pop,22,35
2009,rap,19,31
2009,hip hop,18,35
2009,urban contemporary,17,23
2009,r&b,15,25
2009,neo mellow,12,16
2009,trap music,11,17
2009,pop rock,11,14
2009,southern hip hop,9,12
2009,hip pop,8,11
2009,gangster rap,7,11
2009,post-grunge,6,7
2009,contemporary country,5,12
2009,country,5,6
2009,country road,5,6
2009,pop punk,5,5
2009,dirty south rap,5,8
2009,alternative metal,4,10
2009,nu metal,4,5
2009,atl hip hop,4,12
2009,deep pop r&b,4,7
2009,neo soul,4,4
2009,hardcore hip hop,3,3
2009,modern country rock,3,4
2009,modern rock,3,7
2009,australian pop,3,10
2009,miami hip hop,3,5
2009,emo,2,3
2009,neon pop punk,2,2
2009,rock,2,2
2009,permanent wave,2,4
2009,electropop,2,3
2009,canadian pop,2,4
2009,toronto rap,2,3
2009,latin,2,3
2009,g funk,2,4
2009,nyc rap,2,3
2009,acoustic pop,2,4
2009,uk pop,2,4
2009,chicago rap,2,12
2009,viral pop,2,2
2009,canadian rock,1,2
2009,rap metal,1,1
2009,rap rock,1,1
2009,country dawn,1,1
2009,country pop,1,1
2009,electropowerpop,1,1
2009,garage rock,1,2
2009,indie rock,1,1
2009,piano rock,1,2
2009,punk,1,1
2009,candy pop,1,1
2009,girl group,1,1
2009,canadian hip hop,1,4
2009,detroit hip hop,1,4
2009,west coast rap,1,1
2009,indie pop rap,1,2
2009,talent show,1,3
2009,colombian pop,1,2
2009,latin pop,1,1
2009,mexican pop,1,1
2009,edm,1,2
2009,folk-pop,1,1
2009,new jack swing,1,1
2009,quiet storm,1,1
2009,soul,1,1
2009,east coast hip hop,1,2
2009,new orleans rap,1,4
2009,reggae fusion,1,2
2008,dance pop,38,141
2008,pop,38,83
2008,pop rap,34,72
2008,urban contemporary,19,38
2008,r&b,18,41
2008,post-teen pop,17,33
2008,rap,17,42
2008,hip hop,16,45
2008,southern hip hop,15,24
2008,trap music,14,30
2008,neo mellow,13,20
2008,pop rock,13,18
2008,gangster rap,11,14
2008,dirty south rap,10,16
2008,hip pop,9,14
2008,alternative metal,8,16
2008,post-grunge,8,8
2008,nu metal,7,7
2008,deep pop r&b,5,6
2008,neo soul,5,7
2008,crunk,4,5
2008,rock,3,3
2008,pop punk,3,3
2008,atl hip hop,3,8
2008,chicago rap,3,14
2008,miami hip hop,3,6
2008,acoustic pop,3,6
2008,folk-pop,3,5
2008,viral pop,3,4
2008,deep southern trap,2,3
2008,rap rock,2,2
2008,piano rock,2,3
2008,neon pop punk,2,2
2008,pixie,2,2
2008,new orleans rap,2,10
2008,conscious hip hop,2,3
2008,europop,2,4
2008,talent show,2,3
2008,uk pop,2,5
2008,idol,2,3
2008,canadian rock,1,1
2008,funk metal,1,1
2008,wrestling,1,1
2008,glam metal,1,1
2008,hard rock,1,1
2008,sleaze rock,1,1
2008,rap metal,1,1
2008,blues-rock,1,2
2008,classic rock,1,1
2008,boy band,1,2
2008,memphis hip hop,1,1
2008,girl group,1,1
2008,electropowerpop,1,2
2008,emo,1,1
2008,permanent wave,1,2
2008,baton rouge rap,1,2
2008,chicano rap,1,2
2008,latin hip hop,1,1
2008,florida rap,1,2
2008,g funk,1,2
2008,west coast rap,1,1
2008,toronto rap,1,1
2008,lilith,1,1
2008,australian pop,1,4
2008,british soul,1,2
2008,bassline,1,2
2008,contemporary country,1,2
2008,country,1,1
2008,country road,1,1
2008,country rock,1,1
2008,modern country rock,1,1
2008,redneck,1,1
2008,edm,1,2
2008,escape room,1,1
2008,new rave,1,1
2008,lds youth,1,1
2008,indie r&b,1,2
2008,singer-songwriter,1,1
2008,neo r&b,1,2
2008,rap kreyol,1,1
2007,pop rap,43,73
2007,dance pop,42,144
2007,pop,41,77
2007,rap,27,46
2007,hip pop,23,33
2007,hip hop,22,41
2007,urban contemporary,22,38
2007,r&b,21,36
2007,southern hip hop,19,32
2007,trap music,16,29
2007,pop rock,15,19
2007,gangster rap,14,20
2007,post-teen pop,13,20
2007,dirty south rap,12,20
2007,neo mellow,11,14
2007,post-grunge,9,13
2007,pop punk,9,10
2007,atl hip hop,7,24
2007,alternative metal,6,20
2007,deep pop r&b,6,8
2007,emo,6,13
2007,neo soul,6,7
2007,nu metal,5,9
2007,modern rock,5,8
2007,east coast hip hop,4,5
2007,hardcore hip hop,3,3
2007,miami hip hop,3,3
2007,neon pop punk,3,4
2007,canadian rock,2,4
2007,funk metal,2,2
2007,rap rock,2,3
2007,permanent wave,2,2
2007,rock,2,2
2007,crunk,2,2
2007,piano rock,2,2
2007,g funk,2,5
2007,canadian pop,2,6
2007,wrestling,1,1
2007,rap metal,1,1
2007,alternative rock,1,2
2007,funk rock,1,1
2007,indie pop,1,1
2007,pop emo,1,1
2007,screamo,1,1
2007,irish rock,1,2
2007,alabama rap,1,2
2007,chicano rap,1,2
2007,latin hip hop,1,1
2007,escape room,1,1
2007,trap queen,1,1
2007,deep southern trap,1,2
2007,detroit hip hop,1,2
2007,west coast rap,1,2
2007,australian pop,1,2
2007,talent show,1,1
2007,uk pop,1,1
2007,bassline,1,2
2007,british soul,1,2
2007,canadian latin,1,4
2007,candy pop,1,2
2007,chicago rap,1,2
2007,colombian pop,1,2
2007,latin,1,1
2007,latin pop,1,1
2007,mexican pop,1,1
2007,contemporary country,1,2
2007,country,1,1
2007,country dawn,1,1
2007,dancehall,1,1
2007,europop,1,2
2007,folk-pop,1,1
2007,viral pop,1,1
2007,new orleans rap,1,2
2007,singer-songwriter,1,1
2006,pop rap,42,65
2006,dance pop,37,106
2006,pop,33,52
2006,southern hip hop,28,40
2006,hip hop,28,42
2006,rap,27,45
2006,dirty south rap,22,37
2006,gangster rap,20,31
2006,hip pop,19,24
2006,trap music,19,31
2006,r&b,19,32
2006,urban contemporary,19,28
2006,pop rock,14,17
2006,neo mellow,12,17
2006,atl hip hop,12,38
2006,crunk,11,19
2006,post-teen pop,11,14
2006,post-grunge,7,10
2006,alternative metal,5,14
2006,modern rock,5,12
2006,neo soul,5,7
2006,deep pop r&b,4,5
2006,nu metal,3,6
2006,rock,3,3
2006,pop punk,3,5
2006,europop,3,3
2006,contemporary country,3,8
2006,country,3,4
2006,west coast rap,3,4
2006,hardcore hip hop,3,4
2006,g funk,3,7
2006,folk-pop,3,4
2006,uk pop,3,4
2006,canadian pop,2,3
2006,rap rock,2,2
2006,permanent wave,2,2
2006,emo,2,5
2006,memphis hip hop,2,2
2006,girl group,2,2
2006,chicago rap,2,4
2006,new jack swing,2,2
2006,houston rap,2,2
2006,latin,2,3
2006,acoustic pop,2,4
2006,lilith,2,2
2006,australian pop,2,6
2006,electropop,2,2
2006,country dawn,2,2
2006,alternative hip hop,1,2
2006,art pop,1,1
2006,canadian rock,1,3
2006,san marcos tx indie,1,1
2006,alternative rock,1,2
2006,funk metal,1,1
2006,funk rock,1,1
2006,baroque pop,1,2
2006,bubblegum dance,1,2
2006,eurodance,1,1
2006,german techno,1,1
2006,melbourne bounce international,1,1
2006,country road,1,2
2006,glam metal,1,2
2006,irish rock,1,2
2006,piano rock,1,2
2006,country rap,1,1
2006,redneck,1,1
2006,cali rap,1,4
2006,hyphy,1,2
2006,detroit hip hop,1,6
2006,east coast hip hop,1,2
2006,nyc rap,1,2
2006,latin hip hop,1,1
2006,reggaeton,1,1
2006,tropical,1,1
2006,la pop,1,1
2006,transpop,1,1
2006,talent show,1,2
2006,canadian latin,1,2
2006,colombian pop,1,2
2006,latin pop,1,1
2006,mexican pop,1,1
2006,dancehall,1,4
2006,quiet storm,1,1
2006,scottish singer-songwriter,1,1
2006,new orleans rap,1,1
2006,idol,1,2
2006,singer-songwriter,1,1
2006,rap kreyol,1,1
2005,pop rap,44,75
2005,dance pop,40,117
2005,hip hop,35,55
2005,pop,35,60
2005,rap,33,51
2005,hip pop,26,41
2005,urban contemporary,26,41
2005,r&b,25,39
2005,southern hip hop,25,39
2005,gangster rap,17,29
2005,trap music,15,24
2005,pop rock,14,20
2005,dirty south rap,13,24
2005,neo mellow,11,18
2005,atl hip hop,9,38
2005,post-teen pop,9,17
2005,post-grunge,8,8
2005,east coast hip hop,7,21
2005,alternative metal,6,12
2005,pop punk,6,8
2005,crunk,6,8
2005,deep pop r&b,6,9
2005,permanent wave,5,11
2005,hardcore hip hop,5,5
2005,neo soul,5,6
2005,modern rock,4,4
2005,rock,4,6
2005,nu metal,4,4
2005,contemporary country,4,8
2005,country,4,4
2005,boy band,3,5
2005,europop,3,5
2005,acoustic pop,3,8
2005,country road,3,3
2005,nyc rap,2,5
2005,alternative rock,2,3
2005,rap metal,2,2
2005,australian pop,2,10
2005,girl group,2,4
2005,uk pop,2,5
2005,miami hip hop,2,3
2005,g funk,2,3
2005,latin,2,2
2005,latin pop,2,2
2005,mexican pop,2,2
2005,country dawn,2,2
2005,new jack swing,1,1
2005,alternative hip hop,1,2
2005,art pop,1,1
2005,canadian rock,1,1
2005,rap rock,1,1
2005,neon pop punk,1,1
2005,pixie,1,1
2005,pop emo,1,1
2005,houston rap,1,1
2005,emo,1,2
2005,indie rock,1,2
2005,punk,1,3
2005,baton rouge rap,1,2
2005,deep southern trap,1,1
2005,chicano rap,1,4
2005,latin hip hop,1,2
2005,conscious hip hop,1,2
2005,escape room,1,1
2005,trap queen,1,1
2005,philly rap,1,1
2005,detroit hip hop,1,2
2005,west coast rap,1,1
2005,alternative r&b,1,2
2005,talent show,1,4
2005,cantautor,1,2
2005,latin arena pop,1,1
2005,rock en espanol,1,1
2005,spanish pop,1,1
2005,tropical,1,1
2005,chicago rap,1,2
2005,colombian pop,1,2
2005,dancehall,1,1
2005,quiet storm,1,1
2005,folk-pop,1,1
2005,viral pop,1,1
2005,new orleans rap,1,1
2005,singer-songwriter,1,1
2004,pop rap,37,60
2004,dance pop,35,83
2004,hip pop,28,42
2004,southern hip hop,26,39
2004,hip hop,26,40
2004,r&b,25,35
2004,urban contemporary,25,33
2004,rap,22,36
2004,gangster rap,18,28
2004,pop,17,32
2004,trap music,16,23
2004,dirty south rap,15,29
2004,neo soul,13,17
2004,pop rock,11,11
2004,atl hip hop,10,42
2004,post-grunge,10,11
2004,new jack swing,9,9
2004,crunk,8,22
2004,hardcore hip hop,8,9
2004,contemporary country,8,19
2004,country,8,10
2004,country road,8,10
2004,alternative metal,7,16
2004,post-teen pop,7,9
2004,nu metal,5,6
2004,quiet storm,5,5
2004,neo mellow,5,6
2004,east coast hip hop,4,5
2004,deep pop r&b,3,3
2004,rock,3,3
2004,battle rap,3,6
2004,chicago rap,3,14
2004,g funk,3,7
2004,canadian rock,2,2
2004,funk metal,2,2
2004,rap rock,2,2
2004,pop punk,2,2
2004,permanent wave,2,2
2004,detroit hip hop,2,4
2004,bounce,2,4
2004,new orleans rap,2,2
2004,west coast rap,2,3
2004,australian pop,2,4
2004,electropop,2,2
2004,uk pop,2,2
2004,dancehall,2,4
2004,new wave pop,2,2
2004,soca,2,3
2004,swedish electronic,1,2
2004,trance,1,1
2004,wrestling,1,1
2004,rap metal,1,2
2004,blues-rock,1,2
2004,classic rock,1,1
2004,ccm,1,2
2004,christian alternative rock,1,1
2004,christian music,1,1
2004,christian rock,1,1
2004,worship,1,1
2004,funk,1,1
2004,soul,1,1
2004,girl group,1,1
2004,garage rock,1,2
2004,modern rock,1,1
2004,trap queen,1,1
2004,philly rap,1,1
2004,deep southern trap,1,1
2004,chicano rap,1,2
2004,latin hip hop,1,1
2004,nc hip hop,1,2
2004,houston rap,1,2
2004,acoustic pop,1,2
2004,piano rock,1,1
2004,australian country,1,2
2004,talent show,1,1
2004,canadian pop,1,4
2004,candy pop,1,2
2004,celtic,1,2
2004,middle earth,1,1
2004,country dawn,1,1
2004,country gospel,1,1
2004,country rock,1,1
2004,europop,1,1
2004,reggae fusion,1,1
2004,old school hip hop,1,1
2004,folk-pop,1,2
2004,lilith,1,1
2004,mellow gold,1,1
2004,singer-songwriter,1,1
2004,gospel r&b,1,2
2003,dance pop,33,94
2003,pop rap,31,49
2003,hip hop,30,49
2003,hip pop,29,41
2003,urban contemporary,26,37
2003,pop,23,38
2003,rap,22,37
2003,r&b,21,31
2003,southern hip hop,20,30
2003,gangster rap,17,24
2003,country,13,14
2003,neo soul,12,15
2003,pop rock,12,14
2003,contemporary country,12,23
2003,east coast hip hop,10,24
2003,country road,10,10
2003,hardcore hip hop,9,10
2003,dirty south rap,9,15
2003,trap music,9,12
2003,new jack swing,9,10
2003,atl hip hop,8,20
2003,post-grunge,8,9
2003,neo mellow,8,13
2003,alternative metal,6,14
2003,quiet storm,6,6
2003,crunk,5,8
2003,nu metal,5,6
2003,permanent wave,5,6
2003,rock,5,6
2003,singer-songwriter,5,5
2003,deep pop r&b,5,6
2003,g funk,4,11
2003,post-teen pop,4,7
2003,west coast rap,3,4
2003,folk-pop,3,5
2003,lilith,3,4
2003,canadian pop,3,5
2003,modern country rock,3,3
2003,chicago rap,2,3
2003,conscious hip hop,2,3
2003,dancehall,2,5
2003,alternative rock,2,2
2003,pop punk,2,3
2003,rap rock,2,2
2003,country dawn,2,2
2003,battle rap,2,4
2003,uk pop,2,4
2003,candy pop,2,5
2003,europop,2,5
2003,mellow gold,2,2
2003,alternative hip hop,1,2
2003,lovers rock,1,1
2003,old school dancehall,1,1
2003,reggae fusion,1,1
2003,roots reggae,1,1
2003,soca,1,1
2003,blues-rock,1,4
2003,classic rock,1,2
2003,boy band,1,2
2003,british soul,1,2
2003,country rock,1,1
2003,red dirt,1,1
2003,philly rap,1,2
2003,chicano rap,1,2
2003,latin hip hop,1,1
2003,escape room,1,3
2003,trap queen,1,3
2003,detroit hip hop,1,6
2003,acoustic pop,1,2
2003,alaska indie,1,2
2003,australian pop,1,2
2003,talent show,1,1
2003,canadian country,1,2
2003,nashville sound,1,1
2003,outlaw country,1,1
2003,texas country,1,1
2003,traditional country,1,1
2003,latin,1,1
2003,latin pop,1,1
2003,mexican pop,1,1
2003,tropical,1,1
2003,old school hip hop,1,1
2003,folk rock,1,2
2003,soft rock,1,1
2003,new wave pop,1,1
2003,funk,1,2
2003,soul,1,1
2003,gospel r&b,1,2
2003,idol,1,2
2003,motown,1,2
2003,northern soul,1,1
2002,dance pop,32,101
2002,hip pop,28,58
2002,pop,26,51
2002,hip hop,24,46
2002,urban contemporary,23,42
2002,pop rap,21,40
2002,r&b,19,34
2002,pop rock,17,20
2002,rap,17,29
2002,southern hip hop,13,22
2002,neo soul,10,16
2002,post-grunge,9,10
2002,gangster rap,8,17
2002,neo mellow,8,10
2002,contemporary country,7,16
2002,country,7,8
2002,hardcore hip hop,7,9
2002,alternative metal,6,14
2002,atl hip hop,6,17
2002,east coast hip hop,6,14
2002,nu metal,5,6
2002,dirty south rap,5,6
2002,trap music,5,8
2002,country road,5,6
2002,new jack swing,5,7
2002,folk-pop,5,6
2002,lilith,5,5
2002,singer-songwriter,4,4
2002,post-teen pop,4,6
2002,europop,3,4
2002,alternative rock,3,5
2002,rock,3,4
2002,permanent wave,3,5
2002,canadian pop,3,6
2002,canadian rock,2,2
2002,dancehall,2,3
2002,eurodance,2,3
2002,pop punk,2,2
2002,rap rock,2,3
2002,country dawn,2,2
2002,crunk,2,4
2002,new orleans rap,2,2
2002,conscious hip hop,2,3
2002,deep pop r&b,2,2
2002,piano rock,2,2
2002,australian pop,2,3
2002,new wave pop,2,2
2002,uk pop,2,2
2002,candy pop,2,4
2002,latin,2,4
2002,latin pop,2,4
2002,mexican pop,2,4
2002,quiet storm,2,2
2002,modern country rock,1,1
2002,lovers rock,1,1
2002,old school dancehall,1,1
2002,reggae fusion,1,1
2002,riddim,1,1
2002,roots reggae,1,1
2002,pop house,1,2
2002,rap metal,1,1
2002,big beat,1,2
2002,electronic,1,1
2002,boy band,1,2
2002,modern rock,1,2
2002,philly rap,1,1
2002,detroit hip hop,1,6
2002,g funk,1,3
2002,nyc rap,1,2
2002,acoustic pop,1,2
2002,alaska indie,1,2
2002,alternative hip hop,1,2
2002,canadian singer-songwriter,1,1
2002,australian dance,1,2
2002,electropop,1,1
2002,talent show,1,1
2002,british soul,1,2
2002,tropical house,1,1
2002,canadian latin,1,2
2002,colombian pop,1,4
2002,tropical,1,2
2002,old school hip hop,1,1
2002,mellow gold,1,1
2002,indie r&b,1,1
2001,dance pop,34,93
2001,urban contemporary,29,42
2001,hip pop,28,48
2001,r&b,24,33
2001,pop,21,35
2001,hip hop,17,27
2001,pop rap,17,31
2001,pop rock,17,21
2001,rap,13,21
2001,neo soul,13,17
2001,contemporary country,12,26
2001,country,12,13
2001,southern hip hop,11,19
2001,post-grunge,11,12
2001,country road,11,12
2001,new jack swing,10,14
2001,alternative metal,9,20
2001,quiet storm,8,10
2001,gangster rap,7,11
2001,nu metal,7,8
2001,atl hip hop,6,20
2001,neo mellow,6,9
2001,rock,6,6
2001,alternative rock,5,5
2001,rap rock,5,5
2001,post-teen pop,5,9
2001,dirty south rap,4,7
2001,funk metal,3,3
2001,pop punk,3,4
2001,europop,3,5
2001,uk pop,3,4
2001,funk,3,3
2001,motown,3,3
2001,soul,3,3
2001,country rock,3,3
2001,girl group,3,7
2001,hardcore hip hop,3,3
2001,trap music,3,4
2001,east coast hip hop,3,5
2001,deep pop r&b,3,4
2001,country dawn,3,4
2001,boy band,2,4
2001,classic soul,2,4
2001,disco,2,3
2001,permanent wave,2,3
2001,crunk,2,6
2001,canadian pop,2,4
2001,latin,2,2
2001,latin pop,2,2
2001,mexican pop,2,2
2001,tropical,2,2
2001,reggae fusion,2,4
2001,nyc rap,1,2
2001,album rock,1,2
2001,classic rock,1,1
2001,hard rock,1,1
2001,funk rock,1,1
2001,modern rock,1,1
2001,australian pop,1,2
2001,bubblegum dance,1,1
2001,hollywood,1,1
2001,southern soul,1,1
2001,country gospel,1,1
2001,popping,1,1
2001,post-disco,1,1
2001,irish rock,1,2
2001,jam band,1,2
2001,red dirt,1,1
2001,alternative hip hop,1,2
2001,boom bap,1,1
2001,turntablism,1,1
2001,conscious hip hop,1,2
2001,miami hip hop,1,1
2001,new orleans rap,1,2
2001,escape room,1,1
2001,trap queen,1,1
2001,philly rap,1,1
2001,british soul,1,2
2001,tropical house,1,1
2001,canadian latin,1,4
2001,celtic,1,2
2001,middle earth,1,1
2001,northern soul,1,1
2001,traditional country,1,1
2001,new wave pop,1,1
2001,downtempo,1,2
2001,electronic,1,1
2000,dance pop,31,71
2000,urban contemporary,27,33
2000,r&b,26,32
2000,hip pop,21,28
2000,hip hop,19,25
2000,neo soul,17,22
2000,new jack swing,15,20
2000,pop rock,14,17
2000,pop,14,20
2000,pop rap,12,15
2000,post-grunge,12,13
2000,country,10,13
2000,quiet storm,9,11
2000,southern hip hop,9,10
2000,contemporary country,9,22
2000,country road,8,10
2000,rap,8,10
2000,europop,7,10
2000,rock,7,9
2000,boy band,6,12
2000,alternative rock,6,10
2000,neo mellow,6,10
2000,gangster rap,6,7
2000,alternative metal,5,12
2000,country dawn,5,6
2000,deep pop r&b,4,5
2000,nu metal,4,5
2000,pop punk,4,4
2000,post-teen pop,4,7
2000,east coast hip hop,3,4
2000,hardcore hip hop,3,3
2000,permanent wave,3,4
2000,girl group,3,6
2000,latin,3,6
2000,tropical,3,4
2000,g funk,3,8
2000,eurodance,2,3
2000,rap rock,2,3
2000,atl hip hop,2,6
2000,bubblegum dance,2,3
2000,dirty south rap,2,3
2000,west coast rap,2,3
2000,australian pop,2,6
2000,latin pop,2,3
2000,soul,2,2
2000,minneapolis sound,1,1
2000,alternative hip hop,1,2
2000,grunge,1,1
2000,industrial metal,1,1
2000,industrial rock,1,1
2000,modern rock,1,1
2000,funk metal,1,1
2000,funk rock,1,1
2000,blues-rock,1,4
2000,classic rock,1,2
2000,italian pop,1,1
2000,italo dance,1,1
2000,deep latin christian,1,2
2000,houston rap,1,1
2000,trap music,1,1
2000,gospel,1,2
2000,gospel r&b,1,1
2000,chicago rap,1,2
2000,conscious hip hop,1,2
2000,crunk,1,2
2000,new orleans rap,1,1
2000,philly rap,1,1
2000,detroit hip hop,1,4
2000,acoustic pop,1,2
2000,uk pop,1,3
2000,mexican pop,1,1
2000,funk,1,2
2000,modern salsa,1,2
2000,salsa,1,2
2000,soft rock,1,1
